{
  "assetsByChunkName": {
    "vendors~app-account~app-confirmation~app-order": "chunk.4b796a1b3b62a5b76ee7.js",
    "vendors~app-account~app-checkout": "chunk.0b454d996b501a4f0acd.js",
    "vendors~app-cart~app-checkout": "chunk.9d0d2a8fea5e9720f7b0.js",
    "admin": [
      "admin.973f757e01036efb03e8.js",
      "admin.973f757e01036efb03e8.js.map"
    ],
    "app-account": "chunk.05cd8df9c4f1bcc05298.js",
    "app-checkout": "chunk.7e8056b189a476bd6f08.js",
    "app-confirmation": "chunk.5d96f311400807c78cd3.js",
    "checkout": [
      "checkout.bc7a56ca28fefd35e395.js",
      "checkout.bc7a56ca28fefd35e395.js.map"
    ],
    "storefront": [
      "storefront.99bf876594294a4fc251.css",
      "storefront.c3868210639d2e5320bb.js",
      "storefront.99bf876594294a4fc251.css.map",
      "storefront.c3868210639d2e5320bb.js.map"
    ],
    "vendors~app-cart": "chunk.53821709fae20c89ee8b.js",
    "vendors~app-order": "chunk.d09eeb6716e1e8f9741f.js"
  }
}