{
  "marketing_stripe": {
    "text": "Economize 10% na sua primeira compra com o cupom AMIGA10",
    "link": "",
    "color": "#ffffff",
    "background": "#000000"
  },
  "contacts_stripe": {
    "pages": [],
    "phone_wpp": true,
    "socials": true
  },
  "categories_list": {
    "featured": [
      "/face?Face",
      "/olhos?Olhos",
      "/labios?Lábios",
      "/pinceis?Pincéis",
      "/paletas-maquiagem?Paletas",
      "/sobrancelhas?Sobrancelhas",
      "/esponjas-e-acessorios?Esponjas e Acessórios",
      "/skin-care?Skin Care",
      "/corpo-e-banho?Corpo e Banho"
    ],
    "random": 0,
    "full_width": true
  },
  "desktop_megamenu": true,
  "search_input": true,
  "alphabetical_order_submenu": true,
  "full_width_submenu": false,
  "popup": ""
}