{
  "meta_title": "Miga sua Make | Loja de Maquiagem",
  "meta_description": "Loja de maquiagem com as melhores marcas de cosméticos com atendimento e preços incríveis!",
  "sections": [
    {
      "type": "banner-slider",
      "autoplay": 8000,
      "full_width": true,
      "slides": [
        {
          "start": "",
          "end": "",
          "img": "/img/uploads/full-banner-gel-sobrancelhas-melu-ruby-rose.png",
          "link": "/gel-modelador-para-sobrancelha-com-pincel-melu-by-ruby-rose"
        }
      ]
    },
    {
      "type": "info-bar",
      "enabled": true
    },
    {
      "type": "collection-shelf",
      "shuffle": true,
      "limit": 12,
      "page": 1,
      "title": "Novidades",
      "sort": "news",
      "autoplay": 6000
    },
    {
      "type": "page-title",
      "title": "Principais Categorias",
      "description": "para uma maquiagem completa"
    },
    {
      "type": "banners-grid",
      "banners": [
        {
          "img": "/img/uploads/bases-maquiagem.webp",
          "mobile_img": "/img/uploads/bases.webp",
          "alt": "bases para maquiagem",
          "link": "/face/base-maquiagem"
        },
        {
          "img": "/img/uploads/corretivos-de-maquiagem.webp",
          "mobile_img": "/img/uploads/corretivos.webp",
          "link": "/face/corretivo-maquiagem",
          "alt": "corretivos para maquiagem"
        },
        {
          "mobile_img": "/img/uploads/blush.webp",
          "img": "/img/uploads/blush-facial-maquiagem.webp",
          "link": "/face/blush-facial",
          "alt": "blush facial"
        },
        {
          "img": "/img/uploads/iluminador-facial.webp",
          "mobile_img": "/img/uploads/iluminador.webp",
          "link": "/face/iluminador",
          "alt": "iluminador facial"
        },
        {
          "img": "/img/uploads/rimel-mascara-de-cilios.webp",
          "mobile_img": "/img/uploads/rimel.webp",
          "alt": "mascara de cilios",
          "link": "/olhos/rimel-mascara-cilios"
        },
        {
          "img": "/img/uploads/delineador-de-maquiagem.webp",
          "mobile_img": "/img/uploads/delineador.webp",
          "link": "/olhos/delineador",
          "alt": "delineador de maquiagem"
        },
        {
          "img": "/img/uploads/sombras-para-maquiagem.webp",
          "mobile_img": "/img/uploads/sombras.webp",
          "link": "/olhos/sombra",
          "alt": "sombras para maquiagem"
        },
        {
          "img": "/img/uploads/primer-facial-maquiagem.webp",
          "mobile_img": "/img/uploads/primer.webp",
          "link": "/face/primer-maquiagem",
          "alt": "primer facial"
        }
      ]
    },
    {
      "type": "collection-shelf",
      "shuffle": true,
      "collection_id": null,
      "sort": "sales",
      "title": "Mais Vendidos",
      "headless": false,
      "limit": 12,
      "page": 2
    },
    {
      "type": "collection-shelf",
      "shuffle": true,
      "limit": 12,
      "page": 1,
      "collection_id": "636ed27b73321213f8d73ea5:categories:Lábios:/labios",
      "sort": "sales",
      "title": "Tudo para Lábios"
    },
    {
      "type": "shelfs-nav",
      "shuffle": true,
      "limit": 8,
      "page": 1,
      "collection_ids": [
        "66cfac49faf12b08d11256d1:categories:Corpo e Banho:/corpo-e-banho",
        "636fccc373321213f8d81a04:categories:Gloss e Brilho:/labios/gloss-brilho-labial",
        "636fd1aa73321213f8d81f59:categories:Lápis Labial:/labios/lapis-labial",
        "636fe6df73321213f8d83654:categories:Paleta de Sombras:/paletas-maquiagem/paleta-sombras"
      ],
      "sort": "news",
      "shelfs_title": "Seleções do Momento",
      "autoplay": 6000
    },
    {
      "type": "page-title",
      "title": "Compre por Marca",
      "description": "maiores marcas do mercado"
    },
    {
      "type": "brands-carousel",
      "limit": 24,
      "offset": 0,
      "autoplay": 6000,
      "sort": null
    }
  ]
}